Movie Title,Genre,Runtime (min),Box Office ($),Metacritic Rating,IMDb Rating,Release Year
Cinderella Swings It,"Comedy, Drama, Musical",69 min,N/A,N/A,6.5,1943
The Perfect Man,"Comedy, Family, Romance",100 min,"$16,535,005",27,5.4,2005
Out of the Depths,"Drama, War",61 min,N/A,N/A,5.3,1945
St. Elmo's Fire,"Drama, Romance",110 min,"$37,803,872",35,6.4,1985
Burn After Reading,"Comedy, Crime, Drama",96 min,"$60,355,347",63,7.0,2008
Chameleon Street,"Comedy, Drama",94 min,"$235,011",N/A,7.0,1989
Psych 3: This Is Gus,"Comedy, Crime, Mystery",96 min,N/A,N/A,7.6,2021
Code Name: The Cleaner,"Action, Comedy, Crime",84 min,"$8,135,024",33,4.6,2007
Me and the Kid,"Comedy, Crime, Drama",94 min,"$60,473",N/A,5.4,1993
Loyal Lives,Drama,N/A,N/A,N/A,N/A,1923
The Bamboo Blonde,"Music, Romance, War",67 min,N/A,N/A,5.8,1946
Benji the Hunted,"Adventure, Family",88 min,"$22,257,624",53,6.2,1987
Return of the Lash,Western,55 min,N/A,N/A,6.6,1947
Man of Conquest,"History, War, Western",105 min,N/A,N/A,6.1,1939
The Reckless Sex,"Comedy, Short",N/A,N/A,N/A,N/A,1921
Storm Over the Andes,"Drama, Music, War",82 min,N/A,N/A,5.5,1935
One Minute to Zero,"Drama, War",105 min,N/A,N/A,5.8,1952
An Open Secret,"Documentary, Crime",99 min,N/A,66,7.3,2014
Who Was That Lady?,"Comedy, Romance",115 min,N/A,N/A,6.6,1960
God's Country and the Woman,"Action, Drama, Romance",85 min,N/A,N/A,5.7,1937
The Storm Daughter,Drama,60 min,N/A,N/A,N/A,1924
Affairs of Geraldine,Comedy,68 min,N/A,N/A,6.3,1946
The Sword and the Sorcerer,"Action, Adventure, Fantasy",99 min,"$39,103,425",39,5.5,1982
Officer Thirteen,"Crime, Drama",62 min,N/A,N/A,5.8,1932
Meet the Wildcat,Mystery,66 min,N/A,N/A,6.3,1940
Into the Wild,"Adventure, Biography, Drama",148 min,"$18,354,356",73,8.1,2007
Idiots Deluxe,"Comedy, Short",18 min,N/A,N/A,7.6,1945
The Jazzmania Quintette,"Short, Music",10 min,N/A,N/A,6.2,1928
Monster Family,"Animation, Comedy, Family",93 min,"$127,259",N/A,4.8,2017
Carefree,"Comedy, Musical, Romance",83 min,N/A,N/A,7.0,1938
Shockproof,"Crime, Drama, Film-Noir",79 min,N/A,N/A,6.5,1949
Kathy Burke's All Woman,Comedy,N/A,N/A,N/A,8.5,2019–
Testosterone,"Comedy, Drama, Romance",105 min,"$185,078",34,5.3,2003
Don't Tell Mom the Babysitter's Dead,Comedy,102 min,"$25,196,249",35,6.3,1991
Hansel & Gretel: Witch Hunters,"Action, Fantasy, Horror",88 min,"$55,703,475",23,6.1,2013
The Forty-Niners,Western,71 min,N/A,N/A,6.0,1954
Canyon Crossroads,"Adventure, Crime, Drama",83 min,N/A,N/A,5.9,1955
Silent Night,"Comedy, Drama",92 min,N/A,52,5.7,2021
Clockers,"Crime, Drama, Mystery",128 min,"$13,071,518",71,6.9,1995
The Gay Falcon,"Crime, Film-Noir, Mystery",67 min,N/A,N/A,6.5,1941
Imaginary Crimes,Drama,107 min,"$89,611",N/A,6.4,1994
Daughter of Don Q,"Action, Adventure, Crime",167 min,N/A,N/A,6.6,1946
Distant Thunder,Drama,101 min,N/A,N/A,8.0,1973
Laddie: The Man Behind the Movies,Documentary,83 min,N/A,N/A,7.4,2017
The Heart Raider,"Comedy, Romance",60 min,N/A,N/A,N/A,1923
Nothing But the Truth,"Crime, Drama, Mystery",108 min,N/A,64,7.1,2008
Empire State,"Action, Crime, Thriller",94 min,N/A,N/A,5.2,2013
Terror by Night,"Crime, Drama, Film-Noir",60 min,N/A,N/A,6.7,1946
Youth Must Have Love,Drama,N/A,N/A,N/A,N/A,1922
From Nurse to Worse,"Short, Comedy",17 min,N/A,N/A,7.6,1940
Public Access,"Drama, Thriller",90 min,N/A,N/A,5.2,1993
Our Little Girl,"Comedy, Drama, Family",65 min,N/A,N/A,6.4,1935
Dracula Reborn,Horror,102 min,N/A,N/A,1.8,2015
Wings of Youth,"Documentary, Short",19 min,N/A,N/A,6.3,1940
The Outrage,"Crime, Drama, Western",96 min,"$3,924,000",N/A,6.2,1964
The Son of Thomas Gray,"Short, Drama",N/A,N/A,N/A,N/A,1914
The Pretty One,"Comedy, Drama",90 min,"$13,769",53,6.3,2013
Janie Jones,"Biography, Drama, Music",114 min,"$6,840",52,6.6,2010
I Want You Back,"Comedy, Romance",116 min,N/A,62,6.5,2022
Madonna: Beautiful Stranger,"Short, Music",5 min,N/A,N/A,7.4,1999
The Return of Peter Grimm,"Comedy, Drama, Fantasy",83 min,N/A,N/A,6.2,1935
Devil's Squadron,"Action, Drama, Romance",80 min,N/A,N/A,6.3,1936
The Lusty Men,"Action, Drama, Sport",113 min,N/A,N/A,7.4,1952
Suicide Kings,"Comedy, Crime, Drama",106 min,"$1,740,156",43,6.9,1997
Dysfunctional Friends,"Comedy, Drama",111 min,"$13,546",N/A,5.0,2012
24 Hours to Live,"Action, Sci-Fi, Thriller",93 min,N/A,37,5.8,2017
Electric Slide,"Action, Biography, Crime",95 min,N/A,37,4.6,2014
Fruitvale Station,"Biography, Crime, Drama",85 min,"$16,101,339",85,7.5,2013
The Birdcage,Comedy,117 min,"$124,060,553",72,7.2,1996
The House of Fear,"Crime, Film-Noir, Mystery",69 min,N/A,N/A,7.2,1945
PT 109,"Biography, Drama, War",140 min,N/A,N/A,6.6,1963
The Private Lives of Adam and Eve,"Comedy, Fantasy",86 min,N/A,N/A,4.4,1960
Bad Asses on the Bayou,"Action, Comedy, Drama",85 min,N/A,N/A,5.3,2015
Castlevania: Nocturne,"Animation, Action, Adventure",N/A,N/A,N/A,7.4,2023–
Let's Be Ritzy,"Adventure, Comedy, Romance",68 min,N/A,N/A,6.0,1934
Captain Hurricane,"Comedy, Drama, Romance",72 min,N/A,N/A,5.5,1935
Code of the Cactus,"Drama, Western",56 min,N/A,N/A,6.2,1939
The Carnival Girl,"Action, Drama, Romance",50 min,N/A,N/A,N/A,1926
Dr. Terror's House of Horrors,Horror,98 min,N/A,N/A,6.6,1965
Cowardice Court,"Comedy, Drama",N/A,N/A,N/A,N/A,1919
The Heart of Youth,"Comedy, Drama",50 min,N/A,N/A,N/A,1919
The Front Runner,"Biography, Drama, History",113 min,"$2,000,105",61,6.1,2018
The Sailor Takes a Wife,"Comedy, Romance",92 min,N/A,N/A,6.0,1945
Legion of Terror,"Action, Adventure, Crime",63 min,N/A,N/A,5.9,1936
The Matrimonial Bed,Comedy,69 min,N/A,N/A,5.7,1930
Not a Drum Was Heard,"Crime, Western",50 min,N/A,N/A,5.6,1924
Benji,"Crime, Drama, Family",87 min,N/A,53,6.3,2018
Hard Country,Drama,104 min,"$534,653",N/A,5.6,1981
The Swellhead,"Drama, Romance, Sport",70 min,N/A,N/A,5.0,1930
Way Back Home,Drama,131 min,N/A,N/A,7.5,2013
Guinevere,"Drama, Romance",104 min,"$632,283",68,5.9,1999
The Sacred Flame,Drama,110 min,N/A,N/A,N/A,1951
The Hidden Way,"Crime, Drama",70 min,N/A,N/A,5.9,1926
Hold the Press,Mystery,65 min,N/A,N/A,6.2,1933
Mission: Impossible - Dead Reckoning Part One,"Action, Adventure, Thriller",163 min,"$172,135,383",81,7.7,2023
China Doll,"Drama, Romance, War",99 min,N/A,N/A,6.0,1958
18 Again!,"Comedy, Fantasy, Romance",93 min,"$2,567,099",N/A,5.7,1988
The Villain Still Pursued Her,Comedy,66 min,N/A,N/A,5.5,1940
The Last Sunset,"Drama, Romance, Western",112 min,N/A,N/A,6.7,1961
The Sentinel,"Action, Crime, Thriller",108 min,"$36,280,697",49,6.1,2006
Just Cause,"Action, Crime, Drama",102 min,"$36,853,222",48,6.4,1995
Tom's Photo Finish,"Animation, Short, Comedy",6 min,N/A,N/A,7.3,1957
Son of the Mask,"Comedy, Family, Fantasy",94 min,"$17,018,422",20,2.3,2005
The Village Blacksmith,"Drama, Romance",80 min,N/A,N/A,5.3,1922
Beside Still Waters,"Comedy, Drama, Romance",76 min,N/A,42,6.2,2013
Rawhide Mail,Western,59 min,N/A,N/A,4.4,1934
The Wiser Sex,"Comedy, Drama",76 min,N/A,N/A,7.1,1932
S.F.W.,"Comedy, Drama",96 min,"$63,513",N/A,5.7,1994
Defending Your Life,"Comedy, Drama, Fantasy",112 min,"$16,371,128",63,7.2,1991
Silk Stockings,"Comedy, Musical, Romance",117 min,N/A,N/A,6.8,1957
We're in the Money,"Adventure, Comedy, Music",66 min,N/A,N/A,6.3,1935
Backdraft,"Action, Drama, Mystery",137 min,"$77,868,585",38,6.7,1991
The Vanishing American,"Drama, Western",110 min,"$286,809",N/A,6.9,1925
Burning Words,"Action, Adventure, Drama",50 min,N/A,N/A,6.0,1923
Lightning Strikes Twice,"Crime, Drama, Film-Noir",91 min,N/A,N/A,6.5,1951
Frequency,"Crime, Drama, Mystery",118 min,"$45,010,278",67,7.4,2000
Woman and the Hunter,"Adventure, Drama, Romance",78 min,N/A,N/A,5.7,1957
The Petty Girl,"Biography, Comedy, Musical",88 min,N/A,N/A,6.0,1950
Dark City,"Fantasy, Mystery, Sci-Fi",100 min,"$14,378,331",66,7.6,1998
Man or Gun,Western,79 min,N/A,N/A,5.8,1958
Slippy McGee,"Crime, Drama",65 min,N/A,N/A,6.4,1947
The Frankenstein Theory,"Horror, Sci-Fi",87 min,N/A,N/A,4.3,2013
Thunderbolt and Lightfoot,"Action, Comedy, Crime",115 min,"$21,700,000",62,7.0,1974
Armed and Dangerous,"Action, Comedy, Crime",88 min,"$15,945,534",17,5.7,1986
Danger on the Air,"Adventure, Crime, Drama",70 min,N/A,N/A,6.3,1938
None But the Brave,"Adventure, Drama, War",106 min,N/A,N/A,6.4,1965
Dawn at Socorro,"Romance, Western",80 min,N/A,N/A,6.4,1954
American Beauty,Drama,122 min,"$130,096,601",84,8.3,1999
Small Town Gay Bar,Documentary,76 min,N/A,N/A,7.1,2006
Black Hand,"Crime, Film-Noir, Thriller",92 min,N/A,N/A,6.4,1950
Bread and Tulips,"Comedy, Romance",114 min,"$5,318,679",68,7.3,2000
Gun Law Justice,Western,55 min,N/A,N/A,5.5,1949
A Good Little Devil,Drama,50 min,N/A,N/A,5.7,1914
The Baited Trap,Western,N/A,N/A,N/A,N/A,1926
Careful What You Wish For,"Drama, Thriller",91 min,N/A,32,5.6,2015
Shattered Dreams,"Crime, Drama",94 min,N/A,N/A,5.6,1990
Hard Rain,"Action, Crime, Drama",97 min,"$19,870,567",36,5.9,1998
Soapdish,"Comedy, Romance",97 min,"$36,489,888",65,6.6,1991
Young Ideas,Comedy,77 min,N/A,N/A,5.6,1943
Something for Everyone,"Comedy, Crime, Drama",112 min,"$297,492",N/A,7.0,1970
Skyjacked,"Action, Drama, Thriller",101 min,N/A,N/A,5.7,1972
A Daughter of the Gods,Drama,180 min,N/A,N/A,6.9,1916
Divorce Among Friends,Comedy,65 min,N/A,N/A,5.1,1930
East Is West,"Adventure, Crime, Drama",75 min,N/A,N/A,6.1,1930
Henry Aldrich Plays Cupid,"Comedy, Family",65 min,N/A,N/A,8.1,1944
Miss Annie Rooney,"Comedy, Drama, Romance",82 min,N/A,N/A,6.3,1942
Silent Hill,"Horror, Mystery",125 min,"$46,982,632",31,6.5,2006
Main Street After Dark,"Action, Crime, Drama",57 min,N/A,N/A,5.8,1945
The Masked Marvel,"Action, Adventure, Drama",197 min,N/A,N/A,7.2,1943
Tramp's Nap Interrupted,"Comedy, Fantasy, Short",N/A,N/A,N/A,N/A,1901
Monster a Go-Go,"Horror, Sci-Fi",68 min,N/A,N/A,1.8,1965
The Girl on the Bridge,"Crime, Drama",76 min,"$1,708,839",N/A,6.8,1951
Whirlwind Raiders,"Drama, Music, Western",54 min,N/A,N/A,6.7,1948
"Signed, Sealed, Delivered: One in a Million",Drama,84 min,N/A,N/A,7.4,2016
Hold Back the Dawn,"Drama, Romance",116 min,N/A,79,7.3,1941
Cars,"Animation, Adventure, Comedy",116 min,"$244,082,982",73,7.2,2006
Mister Dynamite,"Action, Adventure, Crime",67 min,N/A,N/A,5.8,1935
Cellar Dweller,"Fantasy, Horror",77 min,N/A,N/A,5.1,1987
Orphan: First Kill,"Crime, Drama, Horror",99 min,"$5,413,227",54,5.9,2022
The Mating Call,Drama,72 min,N/A,N/A,6.8,1928
Tropic Thunder,"Action, Comedy, War",107 min,"$110,515,313",71,7.1,2008
Off the Highway,"Short, Drama",22 min,N/A,N/A,6.6,2014
The Chase,"Action, Adventure, Comedy",94 min,"$7,924,955",N/A,5.8,1994
This Hero Stuff,"Western, Comedy",N/A,N/A,N/A,N/A,1919
File 113,Mystery,53 min,N/A,N/A,N/A,1932
The Ritz,Comedy,91 min,N/A,N/A,6.9,1976
Girl Crazy,"Comedy, Musical",99 min,N/A,84,6.8,1943
The Glass Slipper,"Family, Fantasy, Musical",93 min,N/A,N/A,6.4,1955
Frontier Outpost,"Drama, Music, Western",55 min,N/A,N/A,7.0,1950
Follow the Sun,"Biography, Drama, Romance",93 min,N/A,N/A,6.4,1951
Book Club,"Comedy, Drama, Romance",104 min,"$68,566,296",53,6.1,2018
Ashes of Vengeance,Drama,111 min,N/A,N/A,6.5,1923
Superstar: The Karen Carpenter Story,"Short, Biography, Drama",43 min,N/A,N/A,7.7,1987
The Desperados Are in Town,Western,73 min,N/A,N/A,6.4,1956
Rapid Fire Romance,"Action, Drama",50 min,N/A,N/A,N/A,1926
Honeymoon,"Drama, Fantasy, Horror",87 min,"$9,318",65,5.7,2014
Men with Wings,"Action, Drama, Romance",105 min,N/A,N/A,6.3,1938
Clean Slate,"Comedy, Crime, Drama",128 min,"$11,527",N/A,7.4,1981
The Woman of Bronze,"Drama, Romance",60 min,N/A,N/A,N/A,1923
Buried,"Drama, Mystery, Thriller",95 min,"$1,044,143",65,7.0,2010
Hearts and Fists,Drama,N/A,N/A,N/A,N/A,1926
Netherbeast Incorporated,"Comedy, Fantasy, Horror",93 min,N/A,N/A,5.5,2007
Rocky Mountain Christmas,Romance,90 min,N/A,N/A,6.5,2017
Sunshine State,"Drama, Romance",141 min,"$3,065,921",69,6.8,2002
The Prince of Egypt,"Animation, Adventure, Drama",99 min,"$101,413,188",64,7.2,1998
The War at Home,"Comedy, Romance",30 min,N/A,N/A,7.5,2005–2007
Puss in Boots,"Animation, Action, Adventure",90 min,"$149,260,504",65,6.6,2011
Drums of Love,"Drama, Romance",100 min,N/A,N/A,5.5,1928
Centennial Summer,"History, Music, Romance",102 min,N/A,N/A,6.1,1946
Young Frankenstein,Comedy,106 min,"$86,273,333",83,8.0,1974
Don't Play Us Cheap,"Comedy, Musical, Romance",99 min,N/A,N/A,5.6,1972
The World and Its Woman,Drama,70 min,N/A,N/A,6.2,1919
Starman,"Romance, Sci-Fi",115 min,"$28,744,356",70,7.0,1984
Lillo of the Sulu Seas,"Short, Romance",N/A,N/A,N/A,N/A,1916
Powdersmoke Range,Western,72 min,N/A,N/A,6.5,1935
What a Wife Learned,Drama,70 min,N/A,N/A,N/A,1923
Date Night,"Comedy, Crime, Romance",88 min,"$98,711,404",56,6.3,2010
The Time Traveler's Wife,"Comedy, Drama, Fantasy",107 min,"$63,414,846",47,7.1,2009
Mummy's Boys,Comedy,68 min,N/A,N/A,5.1,1936
The Winning Stroke,"Adult, Comedy",58 min,N/A,N/A,5.5,1973
Wiretapper,"Action, Biography, Crime",80 min,N/A,N/A,5.7,1955
Honolulu Lu,"Comedy, Romance",72 min,N/A,N/A,6.1,1941
Sadie Thompson,Drama,97 min,N/A,N/A,7.2,1928
The Ugly Dachshund,"Comedy, Family",93 min,"$13,516,000",N/A,6.5,1966
Her Husband's Affairs,"Comedy, Sci-Fi",84 min,N/A,N/A,6.0,1947
Vigilantes of Dodge City,Western,54 min,N/A,N/A,7.1,1944
Bend of the River,"Action, Adventure, Drama",91 min,N/A,N/A,7.2,1952
For the Service,Western,65 min,N/A,N/A,5.4,1936
One of the Hollywood Ten,Drama,109 min,N/A,N/A,6.1,2000
The Nebraskan,"Drama, Western",68 min,N/A,N/A,4.8,1953
The Barker,Drama,80 min,N/A,N/A,7.1,1928
Married in Hollywood,"Musical, Romance",110 min,N/A,N/A,N/A,1929
The Legend of Alfred Packer,"Adventure, Biography, Drama",93 min,N/A,N/A,5.1,1980
His Master's Voice,"Drama, Sci-Fi",108 min,N/A,N/A,5.8,2018
Neptune's Daughter,"Comedy, Musical, Romance",95 min,N/A,N/A,6.3,1949
Waiting for the Moon,Drama,88 min,"$751,555",N/A,6.3,1987
Young Adult,"Comedy, Drama",94 min,"$16,311,571",71,6.3,2011
How to Deal,"Comedy, Drama, Romance",101 min,"$14,195,227",45,5.6,2003
Brown of Harvard,"Action, Drama, Romance",85 min,N/A,N/A,6.2,1926
A Little Night Music,"Comedy, Musical, Romance",124 min,N/A,N/A,5.4,1977
The Monster Club,"Comedy, Horror, Musical",104 min,N/A,45,5.9,1981
Homeward Bound: The Incredible Journey,"Adventure, Comedy, Drama",84 min,"$41,833,324",N/A,6.9,1993
X the Unknown,"Horror, Sci-Fi",81 min,N/A,N/A,6.1,1956
Baby It's You,"Comedy, Drama, Romance",105 min,"$1,867,792",N/A,6.4,1983
Nightmare Alley,"Crime, Drama, Thriller",150 min,"$11,338,107",70,7.0,2021
A Desperate Chance for Ellery Queen,"Comedy, Crime, Drama",70 min,N/A,N/A,5.6,1942
Claudia and David,"Comedy, Drama",78 min,N/A,N/A,6.2,1946
Free Willy,"Adventure, Drama, Family",112 min,"$77,709,806",79,6.0,1993
The Lawless Nineties,"Drama, Western",55 min,N/A,N/A,5.6,1936
Captain America: The Winter Soldier,"Action, Adventure, Sci-Fi",136 min,"$259,766,572",70,7.7,2014
40 Guns to Apache Pass,"Adventure, Drama, Romance",95 min,N/A,N/A,5.7,1967
Eurovision Song Contest: The Story of Fire Saga,"Comedy, Music",123 min,N/A,50,6.5,2020
Black Jack: The Movie,"Animation, Drama, Thriller",90 min,N/A,N/A,6.7,1996
The Cheat,"Action, Drama, Sci-Fi",20 min,N/A,N/A,8.3,2017–2020
The Merry Cavalier,Drama,50 min,N/A,N/A,N/A,1926
Adventures of Red Ryder,Western,205 min,N/A,N/A,7.3,1940
Leave It to the Irish,"Action, Comedy, Drama",71 min,N/A,N/A,4.7,1944
Sinbad and the Eye of the Tiger,"Action, Adventure, Family",113 min,N/A,N/A,6.4,1977
Escape from Zahrain,"Action, Adventure, Drama",93 min,N/A,N/A,6.0,1962
The Matrix,"Action, Sci-Fi",136 min,"$172,076,928",73,8.7,1999
Laddie: The Man Behind the Movies,Documentary,83 min,N/A,N/A,7.4,2017
Funny Bones,"Comedy, Drama",128 min,"$532,268",N/A,6.7,1995
The Last Exorcism,"Horror, Mystery, Thriller",87 min,"$41,034,350",63,5.7,2010
The Torch Bearer,Drama,N/A,N/A,N/A,N/A,1916
Clara's Heart,Drama,108 min,"$5,194,491",52,6.1,1988
The Great Northfield Minnesota Raid,"Drama, Western",91 min,"$136,713",N/A,6.1,1972
Daytime Wives,N/A,N/A,N/A,N/A,5.4,1923
Caddyshack II,"Comedy, Sport",98 min,"$11,798,302",7,3.8,1988
A Star Is Born,"Drama, Music, Romance",136 min,"$215,333,122",88,7.6,2018
The Hypnotic Eye,Horror,79 min,N/A,N/A,5.8,1960
Jewels of Brandenburg,"Action, Crime, Mystery",64 min,N/A,N/A,5.7,1947
Hard Target,"Action, Crime, Thriller",97 min,"$32,589,677",63,6.2,1993
Dragon Seed,"Drama, History, War",148 min,N/A,N/A,5.9,1944
"Live Fast, Die Young",Drama,101 min,"$18,335",N/A,8.2,2008
Hard-Hittin' Hamilton,"Action, Adventure, Western",N/A,N/A,N/A,N/A,1924
Cause for Alarm!,"Crime, Drama, Film-Noir",74 min,N/A,N/A,6.4,1951
92 in the Shade,"Comedy, Drama",93 min,N/A,N/A,6.0,1975
Man with the Steel Whip,Western,167 min,N/A,N/A,6.2,1954
P.S. I Love You,"Comedy, Drama, Romance",126 min,"$53,706,790",39,7.0,2007
Roaring Timber,"Adventure, Drama, Romance",60 min,N/A,N/A,5.9,1937
Buccaneer Bunny,"Animation, Short, Adventure",7 min,N/A,N/A,7.8,1948
Kiss and Make-Up,"Comedy, Musical, Romance",78 min,N/A,N/A,5.9,1934
Atlantic Convoy,"Action, Adventure, Drama",66 min,N/A,N/A,5.8,1942
Counter-Attack,"Drama, War",90 min,N/A,N/A,6.7,1945
Fresh from the Farm,"Comedy, Short",N/A,N/A,N/A,N/A,1921
Me and the Big Guy,"Comedy, Sci-Fi, Short",10 min,N/A,N/A,7.3,1999
Dream Machine,"Action, Comedy, Crime",88 min,N/A,N/A,5.1,1991
Fangs of the Wild,Drama,52 min,N/A,N/A,4.8,1939
Mystery Submarine,"Adventure, Crime, Drama",78 min,N/A,N/A,5.7,1950
Little Johnny Jones,"Comedy, Drama, Music",74 min,N/A,N/A,7.2,1929
The Great Redeemer,"Drama, Western",50 min,N/A,N/A,4.0,1920
Heldorado,"Drama, Music, Western",70 min,N/A,N/A,6.0,1946
Rio Rattler,Western,55 min,N/A,N/A,6.1,1935
The Son of the Wolf,"Action, Drama, Romance",50 min,N/A,N/A,N/A,1922
Swing the Western Way,"Comedy, Music, Western",66 min,N/A,N/A,3.5,1947
Mad Max: Fury Road,"Action, Adventure, Sci-Fi",120 min,"$154,280,290",90,8.1,2015
Song of the Range,"Drama, Music, Western",55 min,N/A,N/A,5.5,1944
Halloween 4: The Return of Michael Myers,"Horror, Thriller",88 min,"$17,768,757",34,5.8,1988
Our Man Flint,"Action, Adventure, Comedy",108 min,N/A,N/A,6.4,1966
Smooth as Silk,"Crime, Drama, Film-Noir",64 min,N/A,N/A,6.3,1946
Critic's Choice,Comedy,100 min,N/A,N/A,5.7,1963
Ernest Scared Stupid,"Comedy, Family, Fantasy",91 min,"$14,143,280",38,5.7,1991
Wildfire,"Drama, Family, Mystery",47S min,N/A,N/A,7.5,2005–2008
The Roommates Party,"Comedy, Drama",102 min,N/A,N/A,5.2,2015
Swat the Crook,"Comedy, Short",10 min,N/A,N/A,N/A,1919
Napoleon and the Empress Josephine,"Drama, Short",13 min,N/A,N/A,4.4,1909
Here I Am a Stranger,Drama,82 min,N/A,N/A,7.1,1939
Beyond All Odds,Drama,N/A,N/A,N/A,N/A,1926
Socket,"Drama, Horror, Romance",93 min,N/A,N/A,4.3,2007
Outlaw Women,Western,75 min,N/A,N/A,5.2,1952
The Caper of the Golden Bulls,"Action, Comedy",102 min,N/A,N/A,6.1,1967
The Lawnmower Man,"Horror, Sci-Fi",108 min,"$32,100,816",42,5.4,1992
Behind the Screen,"Short, Comedy, Romance",30 min,N/A,N/A,6.9,1916
Annihilation,"Adventure, Drama, Horror",115 min,"$32,732,301",79,6.8,2018
The Rush Hour,"Comedy, Drama",60 min,N/A,N/A,7.9,1927
Alias Jimmy Valentine,"Crime, Drama",65 min,N/A,N/A,6.6,1915
The Woman Under Cover,Drama,60 min,N/A,N/A,N/A,1919
Bad Day at Black Rock,"Crime, Drama, Mystery",81 min,N/A,N/A,7.7,1955
The Lion Man,Reality-TV,10 min,N/A,N/A,8.5,2004–
Duke of Chicago,Drama,61 min,N/A,N/A,7.9,1949
G.I. Jane,"Action, Drama, War",125 min,"$48,169,156",62,6.0,1997
Menace from Outer Space,"Adventure, Family, Sci-Fi",78 min,N/A,N/A,3.8,1956
Gone in the Night,"Mystery, Thriller",90 min,"$266,466",52,4.9,2022
Moving McAllister,"Adventure, Comedy, Romance",89 min,"$42,538",N/A,5.2,2007
Wandering Daughters,"Comedy, Drama",60 min,N/A,N/A,N/A,1923
Lilies of the Field,Drama,94 min,N/A,61,7.5,1963
Elvis and Anabelle,"Drama, Romance",106 min,N/A,N/A,7.1,2007
Esther and the King,"Biography, Drama, History",109 min,N/A,N/A,5.5,1960
The Tired Tailor's Dream,"Comedy, Fantasy, Short",7 min,N/A,N/A,5.8,1907
The Abyss,"Adventure, Drama, Mystery",140 min,"$54,981,151",62,7.5,1989
Stranger on Horseback,"Drama, Western",66 min,N/A,N/A,6.6,1955
The Adventurer: The Curse of the Midas Box,"Adventure, Family, Fantasy",100 min,"$6,399",39,5.5,2013
Mimic,"Horror, Sci-Fi",105 min,"$25,480,490",55,6.0,1997
The High Flyer,Action,N/A,N/A,N/A,N/A,1926
White Fang 2: Myth of the White Wolf,"Adventure, Family",106 min,"$8,878,839",N/A,5.4,1994
The Impossible Mrs. Bellew,Drama,80 min,"$139,455",N/A,6.2,1922
McQ,"Action, Crime, Drama",111 min,"$240,350",N/A,6.2,1974
Spellbound,"Film-Noir, Mystery, Romance",111 min,N/A,79,7.5,1945
Cancer Wars,Documentary,N/A,N/A,N/A,N/A,1997–
Megamind,"Animation, Action, Adventure",95 min,"$148,415,853",63,7.3,2010
Into the Storm,"Action, Adventure, Drama",89 min,"$47,615,959",44,5.8,2014
The Deerslayer,"Adventure, War, Western",78 min,N/A,N/A,5.4,1957
For Love of the Game,"Drama, Romance, Sport",137 min,"$35,188,640",43,6.6,1999
Full of Life,"Comedy, Drama",91 min,N/A,N/A,6.4,1956
Hello Mary Lou: Prom Night II,"Horror, Thriller",97 min,"$2,683,519",48,5.7,1987
Anna Lucasta,Drama,97 min,N/A,N/A,6.8,1958
Crossroads,"Comedy, Drama, Romance",93 min,"$37,581,825",27,3.7,2002
The Sainted Sisters,Comedy,89 min,N/A,N/A,6.4,1948
The Last Producer,"Comedy, Drama",90 min,N/A,N/A,4.6,2000
Festival in Cannes,Comedy,100 min,"$299,171",46,6.0,2001
The Fighting Guide,"Action, Adventure, Drama",50 min,N/A,N/A,N/A,1922
Burning Up Broadway,Drama,60 min,N/A,N/A,N/A,1928
Hard Times,"Crime, Drama, Sport",93 min,N/A,69,7.2,1975
That Forsyte Woman,"Drama, Romance",113 min,"$3,710,000",N/A,6.6,1949
The Unguarded Hour,"Crime, Drama",87 min,N/A,N/A,6.6,1936
Sylvia,"Biography, Drama, Romance",100 min,"$1,315,498",56,6.3,2003
Some Girls,"Comedy, Drama, Fantasy",94 min,"$401,421",N/A,5.7,1988
One Mile from Heaven,Drama,67 min,N/A,N/A,6.4,1937
1915,Drama,82 min,"$111,682",N/A,3.6,2015
Paper Lion,"Comedy, Sport",107 min,N/A,N/A,6.2,1968
The Long Goodbye,"Comedy, Crime, Drama",112 min,N/A,87,7.5,1973
Frontier Revenge,Western,56 min,N/A,N/A,7.1,1948
The Faith of the Strong,Drama,N/A,N/A,N/A,N/A,1919
A Successful Failure,Comedy,62 min,N/A,N/A,5.5,1934
The Tingler,"Horror, Sci-Fi",82 min,N/A,N/A,6.6,1959
I Am the Law,"Crime, Drama",83 min,N/A,N/A,6.6,1938
Yankee Doodle in Berlin,Comedy,58 min,N/A,N/A,5.5,1919
Jerry's Diary,"Animation, Short, Comedy",7 min,N/A,N/A,6.9,1949
China Gate,"Action, Adventure, Drama",175 min,N/A,N/A,6.5,1998
Morals for Men,Drama,N/A,N/A,N/A,N/A,1925
My Dearest Senorita,"Romance, Drama",80 min,N/A,N/A,7.1,1972
Room 6,"Horror, Mystery, Thriller",94 min,N/A,N/A,4.1,2006
Bolshevism on Trial,Drama,70 min,N/A,N/A,5.3,1919
For All Mankind,"Drama, Sci-Fi",60 min,N/A,N/A,8.1,2019–
Kill Bill: Vol. 1,"Action, Crime, Thriller",111 min,"$70,099,045",69,8.2,2003
The Other Woman's Story,Drama,60 min,N/A,N/A,6.0,1925
The Lights of New York,N/A,N/A,N/A,N/A,N/A,1922
The Gilded Highway,Drama,74 min,N/A,N/A,N/A,1926
Moon Over Montana,Western,56 min,N/A,N/A,6.0,1946
The Brand New Testament,"Comedy, Fantasy",114 min,"$127,910",70,7.1,2015
For the Love of Mike,"Drama, Romance",75 min,N/A,N/A,4.9,1927
The Brass Teapot,"Comedy, Fantasy, Thriller",101 min,"$6,997",43,6.3,2012
Paper Soldiers,"Action, Comedy, Crime",88 min,N/A,N/A,5.4,2002
"Honey, I Shrunk the Kids","Adventure, Comedy, Family",93 min,"$130,724,172",63,6.4,1989
The Flame of Life,Drama,70 min,N/A,N/A,N/A,1923
The Girl from Monterrey,"Romance, Sport",58 min,N/A,N/A,4.9,1943
Nijinsky,"Biography, Drama, Music",129 min,"$1,047,454",N/A,6.5,1980
Flashing Spurs,Western,N/A,N/A,N/A,N/A,1924
Zeus and Roxanne,"Adventure, Comedy, Family",98 min,"$7,233,324",N/A,5.3,1997
Dunked in the Deep,"Comedy, Short",17 min,N/A,N/A,7.1,1949
Some Kind of Hero,"Crime, Drama, War",97 min,"$23,671,186",68,5.8,1982
Death Takes a Holiday,"Drama, Fantasy, Romance",79 min,N/A,53,6.9,1934
This Could Be the Night,Comedy,104 min,N/A,N/A,6.7,1957
7th Cavalry,Western,75 min,N/A,N/A,5.8,1956
Hurricane Season,"Drama, Sport",102 min,N/A,N/A,6.5,2009
From the Mixed-Up Files of Mrs. Basil E. Frankweiler,"Family, Drama, Comedy",105 min,"$113,606",N/A,6.2,1973
O.J.: Made in America,"Documentary, Biography, Crime",467 min,N/A,N/A,8.9,2016
Appointment in Berlin,"Drama, War",77 min,N/A,N/A,6.3,1943
The Evil Below,"Adventure, Horror, Mystery",92 min,N/A,N/A,3.3,1989
City Streets,"Crime, Drama, Film-Noir",83 min,N/A,N/A,7.0,1931
Steal This Movie,"Biography, Drama, Romance",107 min,"$76,424",36,6.4,2000
A Thief in Paradise,Drama,80 min,N/A,N/A,5.9,1925
Pierrot the Fool,"Crime, Drama, Romance",110 min,"$87,011",N/A,7.4,1965
China Seas,"Action, Adventure, Drama",87 min,N/A,N/A,6.9,1935
Shady Lady,"Documentary, Drama, History",90 min,N/A,N/A,7.5,2012
Dan Pena - The $50 Billion Dollar Man,Documentary,71 min,N/A,N/A,N/A,2018
The Love Gamble,Drama,60 min,N/A,N/A,5.6,1925
"Dance Party, USA",Drama,65 min,N/A,54,6.1,2006
Desire Under the Elms,"Drama, Romance",111 min,N/A,N/A,6.5,1958
Bad Girl,"Drama, Romance",90 min,N/A,N/A,6.4,1931
"Good Morning, Vietnam","Biography, Comedy, Drama",121 min,"$123,922,370",67,7.3,1987
"OSS 117: Cairo, Nest of Spies","Action, Adventure, Comedy",99 min,"$303,543",62,7.0,2006
Pirates of the Caribbean: Dead Men Tell No Tales,"Action, Adventure, Fantasy",129 min,"$172,558,876",39,6.5,2017
Chasing Papi,"Comedy, Romance",80 min,"$6,130,049",33,4.8,2003
Paint Your Wagon,"Comedy, Drama, Musical",164 min,"$14,500,000",50,6.6,1969
Be Cool,"Comedy, Crime, Music",118 min,"$56,046,979",37,5.6,2005
BlacKkKlansman,"Biography, Comedy, Crime",135 min,"$49,275,340",83,7.5,2018
Raiders of San Joaquin,Western,59 min,N/A,N/A,6.0,1943
Lucky Them,"Comedy, Drama",97 min,"$48,995",65,6.1,2013
Sweethearts of the U.S.A.,"Comedy, Crime, Music",63 min,N/A,N/A,5.1,1944
Westward Ho,"Drama, Western",61 min,N/A,N/A,5.7,1935
Bright,"Action, Fantasy, Thriller",117 min,N/A,29,6.3,2017
Hop Harrigan America's Ace of the Airways,"Action, Adventure, Drama",N/A,N/A,N/A,5.9,1946
The Cabin in the Cotton,Drama,78 min,N/A,N/A,6.6,1932
Happy Feet,"Animation, Adventure, Comedy",108 min,"$198,000,317",77,6.4,2006
Enoch Arden: Part I,"Short, Drama",17 min,N/A,N/A,6.3,1911
The Valiant Hombre,Western,60 min,N/A,N/A,5.9,1948
Old Man Rhythm,"Comedy, Music, Romance",75 min,N/A,N/A,5.6,1935
The Great Air Robbery,"Sci-Fi, Adventure",60 min,N/A,N/A,4.6,1919
The Chinese Ring,Mystery,68 min,N/A,N/A,5.8,1947
Manos: The Hands of Fate,Horror,70 min,N/A,N/A,1.6,1966
Six Gun Man,Western,59 min,N/A,N/A,6.2,1946
Predators,"Action, Adventure, Sci-Fi",107 min,"$52,000,688",51,6.4,2010
Barbershop 2: Back in Business,"Comedy, Drama",106 min,"$65,111,277",59,5.7,2004
Daddy's Little Girls,"Drama, Romance",100 min,"$31,366,978",49,5.8,2007
The Barber of Seville,"Animation, Short, Comedy",7 min,N/A,N/A,6.3,1944
Waitress,"Comedy, Drama, Romance",108 min,"$19,074,800",75,7.0,2007
Animaniacs: Wakko's Wish,"Animation, Adventure, Comedy, Drama, Family, Fantasy, Musical",80 min,N/A,N/A,7.2,1999
I'll Tell the World,"Adventure, Comedy, Romance",77 min,N/A,N/A,6.1,1934
Under My Skin,Drama,97 min,N/A,N/A,6.2,2020
Highways by Night,"Adventure, Comedy, Crime",65 min,N/A,N/A,6.5,1942
The Chase,"Action, Adventure, Comedy",94 min,"$7,924,955",N/A,5.8,1994
Almost a Husband,Comedy,50 min,N/A,N/A,N/A,1919
Three Jumps Ahead,Western,50 min,N/A,N/A,4.4,1923
"Honey, I Shrunk the Kids","Adventure, Comedy, Family",93 min,"$130,724,172",63,6.4,1989
Holiday Affair,"Comedy, Drama, Family",87 min,N/A,63,7.1,1949
Cattle Queen of Montana,"Drama, Western",88 min,N/A,N/A,5.6,1954
War Drums,Western,75 min,N/A,N/A,5.6,1957
Hammerhead,"Action, Adventure, Comedy",92 min,N/A,N/A,3.1,2005
Out of the Silent North,Drama,50 min,N/A,N/A,N/A,1922
Pelle the Conqueror,Drama,157 min,"$2,063,688",N/A,7.8,1987
The Maverick Queen,Western,92 min,N/A,N/A,5.9,1956
Gunmen of Abilene,"Drama, Western",60 min,N/A,N/A,6.4,1950
Tarawa Beachhead,"Drama, War",77 min,N/A,N/A,5.8,1958
The Three Stooges Go Around the World in a Daze,"Comedy, Family",94 min,"$2,180,000",N/A,6.2,1963
The Eye,"Horror, Mystery",98 min,"$31,418,697",36,5.4,2008
College Humor,"Action, Comedy, Music",80 min,N/A,N/A,5.9,1933
Alien vs. Predator,"Action, Adventure, Horror",101 min,"$80,282,231",29,5.7,2004
Cyclone Fury,"Drama, Music, Western",53 min,N/A,N/A,6.2,1951
Everything's Ducky,"Comedy, Fantasy",80 min,N/A,N/A,4.4,1961
Next Time We Love,"Drama, Romance",87 min,N/A,N/A,6.4,1936
The Dangerous Dub,Western,N/A,N/A,N/A,N/A,1926
The Honor of the District Attorney,Short,N/A,N/A,N/A,N/A,1915
The Women of Pitcairn Island,"Adventure, Drama",72 min,N/A,N/A,6.2,1956
The Tall Stranger,Western,81 min,N/A,N/A,6.4,1957
The Alpha Caper,"Crime, Drama, Thriller",75 min,N/A,N/A,6.6,1973
Rampage,"Action, Adventure, Sci-Fi",107 min,"$101,028,233",45,6.1,2018
Pointed Heels,"Comedy, Musical",61 min,N/A,N/A,5.7,1929
The Judge Steps Out,"Comedy, Drama",91 min,N/A,N/A,6.8,1948
Berkeley Square,"Drama, History, Romance",50 min,N/A,N/A,7.9,1998
Flicka,"Adventure, Drama, Family",95 min,"$21,000,147",57,6.0,2006
Love in the Dark,"Short, Romance",N/A,N/A,N/A,N/A,1913
Frank,"Comedy, Drama, Music",95 min,"$645,186",75,6.9,2014
Stateside,"Drama, Music, Romance",97 min,"$174,318",35,5.8,2004
Stella Dallas,"Drama, Romance",106 min,"$2,000,000",N/A,7.4,1937
The Soul's Cycle,Drama,N/A,N/A,N/A,N/A,1916
Up and at 'Em,Western,N/A,N/A,N/A,N/A,1924
"Blue Skies, Green Waters, Red Earth","Adventure, Drama, Romance",137 min,N/A,N/A,7.6,2013
Alexander the Great,"Biography, Drama, History",141 min,N/A,N/A,5.8,1956
The Enchanted Cottage,"Drama, Fantasy, Romance",91 min,N/A,N/A,7.5,1945
Coney Island at Night,"Documentary, Short",4 min,N/A,N/A,6.1,1905
The Great Mr. Nobody,"Comedy, Drama, Romance",71 min,N/A,N/A,5.8,1941
Knight Rider 2010,"Action, Sci-Fi, Thriller",91 min,N/A,N/A,2.9,1994
Love Is Strange,"Drama, Romance",94 min,"$2,262,223",82,6.7,2014
This Sporting Age,"Action, Drama, Sport",67 min,N/A,N/A,N/A,1932
Walk Don't Run,"Comedy, Romance",114 min,"$9,810,000",N/A,6.6,1966
Revenge of the Zombies,"Drama, Horror, Thriller",61 min,N/A,N/A,4.7,1943
Mark of the Vampire,"Horror, Mystery",60 min,N/A,N/A,6.2,1935
The Chipmunk Adventure,"Animation, Adventure, Comedy",77 min,"$6,804,312",N/A,7.2,1987
The Beast Within,Horror,98 min,"$7,742,572",42,5.6,1982
Felix the Ghost Breaker,"Animation, Short, Comedy",7 min,N/A,N/A,6.0,1923
A Drove of Wild Welsh Mountain Ponies,"Documentary, Short",N/A,N/A,N/A,N/A,1903
Hoosiers,"Drama, Sport",114 min,"$28,607,524",76,7.4,1986
The Woman in the House Across the Street from the Girl in the Window,"Comedy, Crime, Drama",N/A,N/A,N/A,6.4,2022
Song of the South,"Animation, Comedy, Family",94 min,"$37,459,346",54,6.9,1946
My Best Friend Is a Vampire,"Comedy, Horror, Romance",89 min,"$174,380",N/A,6.0,1987
Man of the Century,"Comedy, Romance",77 min,"$34,857",44,7.0,1999
Naked Came the Stranger,"Adult, Comedy, Drama",83 min,"$138,275",N/A,6.2,1975
Resident Evil: Extinction,"Action, Horror, Sci-Fi",94 min,"$50,648,679",41,6.2,2007
Stagecoach,"Adventure, Drama, Western",96 min,N/A,93,7.8,1939
CBGB,"Crime, Drama, Music",102 min,"$40,400",30,6.6,2013
I've Got Your Number,"Action, Comedy, Mystery",69 min,N/A,N/A,6.3,1934
Peter Rabbit 2: The Runaway,"Animation, Adventure, Comedy",93 min,"$40,501,717",43,6.2,2021
The Stratton Story,"Biography, Drama, Romance",106 min,N/A,N/A,7.1,1949
Ham and Eggs at the Front,"Comedy, War",60 min,N/A,N/A,5.7,1927
The Jazz Girl,Drama,N/A,N/A,N/A,N/A,1926
Evel Knievel,"Action, Biography, Drama",88 min,"$36,000",N/A,5.2,1971
Public Pigeon No. 1,Comedy,79 min,N/A,N/A,6.6,1957
Bloodsport III,"Action, Sport",91 min,N/A,N/A,4.2,1996
The Walking Hills,"Adventure, Thriller, Western",78 min,N/A,N/A,6.5,1949
Guadalcanal Diary,"Drama, War",93 min,N/A,N/A,6.6,1943
Into the Arms of Strangers: Stories of the Kindertransport,"Documentary, History, War",122 min,"$374,555",79,7.7,2000
The Last Edition,"Action, Crime, Drama",70 min,N/A,N/A,6.2,1925
Charlie Chan at the Wax Museum,Mystery,63 min,N/A,N/A,7.1,1940
The Return of Dr. Fu Manchu,"Adventure, Crime, Mystery",73 min,N/A,N/A,5.8,1930
Shipwrecked,"Adventure, Family",92 min,"$15,104,156",N/A,6.5,1990
Dead Man Walking,"Crime, Drama",122 min,"$39,363,635",80,7.5,1995
Pathology,"Crime, Horror, Thriller",95 min,"$109,846",55,5.9,2008
Knock Knock,"Crime, Thriller",99 min,"$36,336",53,4.9,2015
Hit the Road,"Comedy, Drama, Music",93 min,"$151,018",90,7.3,2021
Oh! What a Nurse!,Comedy,70 min,N/A,N/A,N/A,1926
Donovan's Brain,"Sci-Fi, Horror",84 min,N/A,N/A,5.9,1953
The Jazz Singer,"Drama, Music, Musical",88 min,N/A,66,6.4,1927
As Husbands Go,"Comedy, Romance",78 min,N/A,N/A,N/A,1934
Paradise Isle,"Adventure, Drama, Music",73 min,N/A,N/A,5.2,1937
The Thing Called Love,"Comedy, Drama, Music",116 min,"$1,029,721",46,6.4,1993
The Outfit,"Crime, Drama, Mystery",105 min,"$3,344,040",69,7.2,2022
In Her Shoes,"Comedy, Drama, Romance",130 min,"$32,880,591",60,6.5,2005
Zig Zag,Drama,101 min,"$2,418",58,5.9,2002
The Town That Dreaded Sundown,"Horror, Mystery, Thriller",86 min,N/A,47,5.6,2014
A Bronx Tale,"Crime, Drama",121 min,"$17,287,898",80,7.8,1993
The Boiling Point,Western,70 min,N/A,N/A,6.7,1932
Lie to Me,"Crime, Drama, Mystery",43 min,N/A,N/A,8.0,2009–2011
Elvira: Mistress of the Dark,"Comedy, Horror",96 min,"$5,596,267",43,6.6,1988
"Welcome, or No Trespassing","Comedy, Family",74 min,N/A,N/A,7.9,1964
Mission: Impossible - Ghost Protocol,"Action, Adventure, Thriller",132 min,"$209,397,903",73,7.4,2011
Three Girls Lost,Drama,80 min,N/A,N/A,5.7,1931
Summer Heat,Drama,80 min,"$350,481",N/A,4.8,1987
Petulia,"Drama, Romance",105 min,N/A,N/A,6.9,1968
Best Laid Plans,"Crime, Drama, Thriller",92 min,"$27,816",40,6.1,1999
The Bright Shawl,"Adventure, Drama",80 min,N/A,N/A,6.4,1923
Colt Comrades,"Drama, Western",67 min,N/A,N/A,6.4,1943
The Curtain Falls,Drama,68 min,N/A,N/A,6.0,1934
The Great Power,Drama,90 min,N/A,N/A,N/A,1929
The Gay Caballero,Western,58 min,N/A,N/A,6.0,1940
The Bag Man,"Action, Crime, Drama",108 min,"$56,574",28,5.2,2014
Rio Lobo,"Drama, War, Western",114 min,N/A,55,6.7,1970
Pump Up the Volume,"Comedy, Drama, Music",102 min,"$11,541,758",77,7.2,1990
Cry Uncle,"Comedy, Crime, Mystery",87 min,"$1,076,148",N/A,4.9,1971
Ticket to Paradise,"Comedy, Romance",104 min,"$68,275,985",50,6.1,2022
Bram Stoker's Dracula,"Drama, Fantasy, Horror",128 min,"$82,522,790",57,7.4,1992
The Flame of Youth,"Drama, Adventure",50 min,N/A,N/A,7.0,1917
Twilight on the Trail,Western,57 min,N/A,N/A,6.3,1941
The Black Gate,"Adventure, Fantasy, Horror",78 min,N/A,N/A,7.2,2017
The Lady from Nowhere,"Crime, Drama",65 min,N/A,N/A,7.3,1931
Elephant Stampede,"Action, Adventure, Crime",71 min,N/A,N/A,5.3,1951
Fantastic Mr. Fox,"Animation, Adventure, Comedy",87 min,"$21,002,919",83,7.9,2009
The Cobbler,"Comedy, Drama, Fantasy",99 min,N/A,23,5.8,2014
Wild Card,"Action, Crime, Drama",92 min,N/A,40,5.6,2015
The Little Giant,"Comedy, Crime, Romance",76 min,N/A,N/A,7.0,1933
The Outriders,Western,93 min,N/A,N/A,6.1,1950
I Don't Hate Las Vegas Anymore,Documentary,70 min,N/A,N/A,6.6,1994
Safe Men,"Comedy, Crime",88 min,"$45,724",N/A,5.8,1998
You're My Everything,"Comedy, Musical",94 min,N/A,N/A,6.0,1949
Twenty Million Sweethearts,"Comedy, Musical, Mystery",89 min,N/A,N/A,6.4,1934
A Vigilante,"Crime, Drama, Mystery",91 min,N/A,68,5.7,2018
Born to Battle,Western,63 min,N/A,N/A,5.4,1935
Heavy Metal,"Animation, Adventure, Fantasy",86 min,"$546,545",51,6.6,1981
Doomsday Gun,"Action, Drama, History",120 min,N/A,N/A,6.1,1994
Secret Beyond the Door...,"Drama, Film-Noir, Mystery",99 min,N/A,N/A,6.6,1947
The Kentucky Colonel,Drama,60 min,N/A,N/A,N/A,1920
The Great Muppet Caper,"Adventure, Comedy, Crime",97 min,"$31,206,251",70,7.1,1981
Thinner,"Fantasy, Horror",93 min,"$15,315,484",33,5.8,1996
Me and My Pal,"Short, Comedy, Family",20 min,N/A,N/A,7.2,1933
The Horn Blows at Midnight,"Comedy, Fantasy, Music",78 min,N/A,60,6.6,1945
King of the Rodeo,Western,60 min,N/A,N/A,6.8,1928
Cattle Queen of Montana,"Drama, Western",88 min,N/A,N/A,5.6,1954
Pet Shop of Horrors,"Animation, Fantasy, Horror",N/A,N/A,N/A,7.3,1999
Ghosts of Girlfriends Past,"Comedy, Fantasy, Romance",100 min,"$55,250,026",34,5.8,2009
The Big Year,Comedy,100 min,"$7,204,138",53,6.2,2011
Cross Channel,Drama,61 min,N/A,N/A,5.0,1955
Broadway to Hollywood,"History, Musical",85 min,N/A,N/A,5.7,1933
Madame Spy,"Action, Adventure, Crime",63 min,N/A,N/A,5.9,1942
Kingsman: The Golden Circle,"Action, Adventure, Comedy",141 min,"$100,234,838",44,6.7,2017
Tougher Than Leather,"Crime, Drama, Music",87 min,"$3,582,760",N/A,4.8,1988
Let's Get Married,"Comedy, Family, Romance",152 min,N/A,N/A,4.8,2023
Do and Dare,Western,N/A,N/A,N/A,N/A,1922
Death of a Centerfold: The Dorothy Stratten Story,"Biography, Drama",100 min,N/A,N/A,5.6,1981
Innocents of Paris,"Musical, Romance",78 min,N/A,N/A,7.6,1929
I Could Go on Singing,"Drama, Music",100 min,N/A,N/A,6.9,1963
It Happened in Broad Daylight,"Crime, Drama, Thriller",97 min,N/A,N/A,7.8,1958
Stranger Than Fiction,"Comedy, Drama, Fantasy",113 min,"$40,660,952",67,7.5,2006
"Suddenly, Last Summer","Drama, Mystery, Thriller",114 min,N/A,54,7.5,1959
Down in the Delta,Drama,112 min,"$5,672,903",73,6.9,1998
Our Song,Drama,95 min,"$254,199",77,6.8,2000
A Guy Thing,"Comedy, Romance",101 min,"$15,545,431",27,5.6,2003
The Bostonians,"Drama, Romance",122 min,"$1,009,700",59,6.2,1984
Little Women,"Drama, Romance",135 min,"$108,101,214",91,7.8,2019
Molly's Game,"Biography, Crime, Drama",140 min,"$28,780,744",71,7.4,2017
Medium Cool,Drama,111 min,N/A,87,7.2,1969
Silk Stockings,"Comedy, Musical, Romance",117 min,N/A,N/A,6.8,1957
"The Vengeance of Durand; or, the Two Portraits","Short, Drama, Romance",N/A,N/A,N/A,5.9,1913
Isn't It Romantic,"Comedy, Fantasy, Musical",89 min,"$48,791,187",60,5.9,2019
The Marriage Whirl,Drama,80 min,N/A,N/A,N/A,1925
The Butcher Boy,"Comedy, Drama",110 min,"$1,995,911",N/A,7.1,1997
Cold Creek Manor,"Drama, Mystery, Thriller",118 min,"$21,386,011",37,5.0,2003
The Purple Rose of Cairo,"Comedy, Fantasy, Romance",82 min,"$10,631,333",75,7.7,1985
Double Whoopee,"Comedy, Short",20 min,N/A,N/A,6.9,1929
It's Great to Be Alive,"Comedy, Music, Musical",69 min,N/A,N/A,5.5,1933
Double Alibi,"Adventure, Crime, Mystery",60 min,N/A,N/A,6.1,1940
The Sadist,"Horror, Thriller",92 min,N/A,N/A,6.6,1963
Cabin Fever 2: Spring Fever,Horror,86 min,N/A,N/A,4.3,2009
Hello Trouble,Western,67 min,N/A,N/A,6.7,1932
House of Cards,Drama,51 min,N/A,N/A,8.6,2013–2018
Racing Luck,"Action, Adventure, Crime",56 min,N/A,N/A,6.0,1935
The Brothers Grimm,"Action, Adventure, Comedy",118 min,"$37,916,267",51,5.9,2005
The Spikes Gang,"Drama, Western",96 min,N/A,N/A,6.3,1974
Always in My Heart,Drama,92 min,N/A,N/A,6.2,1942
Fast Company,"Drama, Sport",91 min,N/A,63,5.4,1979
Straight Shootin',Western,50 min,N/A,N/A,4.8,1927
Smartest Girl in Town,"Comedy, Romance",58 min,N/A,N/A,6.4,1936
Torture Garden,"Fantasy, Horror",93 min,N/A,N/A,6.1,1967
Night of the Day of the Dawn of the Son of the Bride of the Return of the Terror,"Comedy, Horror",96 min,N/A,N/A,4.7,1991
Nick Knight,"Crime, Fantasy, Horror",92 min,N/A,N/A,6.1,1989
Children of the Corn III: Urban Harvest,"Horror, Thriller",92 min,N/A,N/A,4.3,1995
The Beggar Child,"Short, Drama",N/A,N/A,N/A,N/A,1914
Black Christmas,"Horror, Mystery, Thriller",98 min,N/A,65,7.1,1974
The Sinking of the 'Lusitania',"Animation, Short, War",12 min,N/A,N/A,6.8,1918
Molly,"Comedy, Drama, Romance",102 min,"$17,650",21,5.7,1999
Loving Annabelle,"Drama, Romance",77 min,N/A,N/A,6.3,2006
David Foster: Off the Record,Documentary,106 min,N/A,N/A,7.0,2019
The James Brothers of Missouri,Western,167 min,N/A,N/A,6.5,1949
Far North,"Crime, Drama, Romance",89 min,N/A,N/A,6.1,2007
National Velvet,"Drama, Family, Sport",123 min,N/A,83,7.3,1944
Star Wars: Episode III - Revenge of the Sith,"Action, Adventure, Fantasy",140 min,"$380,270,577",68,7.6,2005
His Woman,"Drama, Romance",76 min,N/A,N/A,5.6,1931
365 Nights in Hollywood,"Comedy, Music, Romance",77 min,N/A,N/A,5.7,1934
Hunter Killer,"Action, Thriller",121 min,"$15,767,460",43,6.6,2018
Call of the Rockies,Western,56 min,N/A,N/A,7.3,1944
Trader Tom of the China Seas,"Action, Adventure, War",167 min,N/A,N/A,5.6,1954
The Tarnished Angels,"Action, Adventure, Drama",91 min,N/A,N/A,7.1,1957
Ma and Pa Kettle at the Fair,"Adventure, Comedy, Romance",78 min,N/A,N/A,6.7,1952
Behind Locked Doors,"Crime, Drama, Film-Noir",62 min,N/A,N/A,6.5,1948
Texas Lawmen,Western,54 min,N/A,N/A,6.2,1951
Scenic Route,"Drama, Horror, Thriller",82 min,"$3,434",34,6.4,2013
Steady Company,"Action, Drama, Sport",65 min,N/A,N/A,6.7,1932
Les ténèbres révélées de Silent Hill révélation 3D,Documentary,63 min,N/A,N/A,N/A,2013
The Pad (and How to Use It),Comedy,86 min,N/A,N/A,6.1,1966
Star Night at the Cocoanut Grove,"Short, Music",20 min,N/A,N/A,5.4,1934
Rackety Rax,"Action, Comedy, Crime",70 min,N/A,N/A,5.1,1932
The Last Flight of Noah's Ark,"Adventure, Family",97 min,"$11,000,000",N/A,5.7,1980
Love Among Thieves,"Adventure, Comedy, Crime",100 min,N/A,N/A,6.0,1987
Eyes in the Night,"Crime, Mystery",80 min,N/A,N/A,6.7,1942
Flareup,"Crime, Thriller",100 min,N/A,N/A,5.0,1969
The Purple Rose of Cairo,"Comedy, Fantasy, Romance",82 min,"$10,631,333",75,7.7,1985
University Heights,Drama,95 min,N/A,N/A,6.3,2004
The Nevada Buckaroo,Western,59 min,N/A,N/A,6.1,1931
Walk the Line,"Biography, Drama, Music",136 min,"$119,519,402",72,7.8,2005
Slaves in Bondage,"Crime, Drama",70 min,N/A,N/A,4.4,1937
Borrowed Life Stolen Love,"Drama, Romance",95 min,N/A,N/A,6.3,1997
Corvette Summer,"Adventure, Comedy",105 min,"$15,514,367",53,5.7,1978
Russian Roulette,"Crime, Drama, Thriller",93 min,N/A,N/A,5.6,1975
It Shouldn't Happen to a Dog,"Action, Adventure, Comedy",70 min,"$800,000",N/A,6.5,1946
The Missing Juror,"Crime, Film-Noir, Mystery",66 min,N/A,N/A,6.2,1944
Four Mothers,"Drama, Romance",86 min,N/A,N/A,6.2,1941
Waist Deep,"Action, Crime, Drama",97 min,"$21,344,312",37,5.8,2006
Impossible Catherine,"Comedy, Drama",50 min,N/A,N/A,N/A,1919
Spite Marriage,Comedy,76 min,N/A,N/A,6.9,1929
The Fog,"Horror, Thriller",89 min,"$21,448,782",55,6.8,1980
Holy Ghost People,"Drama, Thriller",88 min,N/A,N/A,5.0,2013
Havana Widows,Comedy,62 min,N/A,N/A,6.3,1933
She Learned About Sailors,"Comedy, Music, Romance",78 min,N/A,N/A,5.6,1934
Womanhandled,"Adventure, Comedy, Romance",70 min,N/A,N/A,6.3,1925
The Salzburg Connection,"Crime, Drama, Mystery",93 min,N/A,N/A,5.3,1972
The Pell Street Mystery,Mystery,N/A,N/A,N/A,N/A,1924
Irish Jam,Comedy,94 min,N/A,N/A,5.2,2006
Swing Vote,"Comedy, Drama",120 min,"$16,289,867",47,6.1,2008
The Story of Molly X,"Crime, Drama, Film-Noir",82 min,N/A,N/A,6.6,1949
Cowboy Cavalier,"Drama, Music, Western",57 min,N/A,N/A,5.4,1948
The Lady Pays Off,"Comedy, Drama, Romance",80 min,N/A,N/A,6.0,1951
Mikey and Nicky,"Crime, Drama",106 min,N/A,81,7.4,1976
The Sandpit Generals,"Action, Drama, Romance",102 min,N/A,N/A,6.8,1971
The Garage,"Comedy, Drama",96 min,N/A,N/A,8.0,1980
The Zoot Cat,"Animation, Short, Comedy",7 min,N/A,N/A,7.4,1944
OMG: Oh My God!,"Comedy, Drama, Fantasy",125 min,N/A,N/A,8.1,2012
Song of the Caballero,Western,73 min,N/A,N/A,N/A,1930
The Code of the Scarlet,Western,57 min,N/A,N/A,3.4,1928
Children of Dreams,Musical,78 min,N/A,N/A,N/A,1931
The Prize Fighter,Comedy,99 min,N/A,N/A,5.6,1979
Picture Perfect,"Comedy, Drama, Romance",101 min,"$31,407,873",44,5.5,1997
Her Circus Man,"Comedy, Short",N/A,N/A,N/A,N/A,1921
Crowned and Dangerous,"Comedy, Crime, Mystery",96 min,N/A,N/A,4.7,1997
The Fighting Legion,Western,74 min,N/A,N/A,5.6,1930
Between Two Worlds,"Mystery, Drama, Fantasy",112 min,N/A,N/A,7.1,1944
The Losers,"Action, Adventure, Comedy",97 min,"$23,591,432",44,6.2,2010
Swing Your Partner,"Animation, Short",7 min,N/A,N/A,5.8,1943
Dracula Untold,"Action, Drama, Fantasy",92 min,"$56,280,355",40,6.2,2014
Santa Fe Trail,"Drama, War, Western",110 min,N/A,N/A,6.2,1940
Rugrats Go Wild,"Animation, Adventure, Comedy",80 min,"$39,402,572",38,5.6,2003
The Other Side of the Door,"Horror, Thriller",96 min,"$3,000,342",41,5.3,2016
Bob Roberts,"Comedy, Drama",102 min,"$4,479,470",70,7.0,1992
The Hunters,"Crime, Thriller",113 min,N/A,N/A,7.0,1996
Joe Dirt,"Adventure, Comedy, Drama",91 min,"$27,087,695",20,6.0,2001
Rainbow Valley,"Drama, Western",52 min,N/A,N/A,5.3,1935
Radioactive Dreams,"Action, Adventure, Comedy",98 min,"$220,038",N/A,5.5,1984
Range Defenders,"Drama, Western",56 min,N/A,N/A,5.7,1937
Take Care of My Little Girl,Drama,93 min,N/A,N/A,6.4,1951
Return of the Texan,"Drama, Romance, Western",88 min,N/A,N/A,6.8,1952
Old Dogs,"Comedy, Family",88 min,"$49,492,060",19,5.3,2009
Adult Beginners,"Comedy, Drama",92 min,"$108,808",57,5.6,2014
California Frontier,"Action, Music, Romance",55 min,N/A,N/A,6.2,1938
Slaughter of the Innocents,"Crime, Horror, Mystery",104 min,N/A,N/A,5.1,1993
Digging to China,Drama,98 min,"$43,961",N/A,6.7,1997
104 Teaser - DEATH WISH IV: THE CRACKDOWN (1987) + DEATH WISH V: THE FACE OF DEATH (1994),N/A,N/A,N/A,N/A,N/A,1987
Letters to God,Drama,110 min,"$2,848,578",31,6.2,2010
Chained for Life,Drama,91 min,"$17,431",79,6.5,2018
Looker,"Drama, Sci-Fi, Thriller",93 min,N/A,20,6.1,1981
Anybody's Woman,"Drama, Romance",80 min,N/A,N/A,6.4,1930
The Naked Kiss,"Crime, Drama",90 min,N/A,83,7.2,1964
Luke's Trolley Troubles,"Comedy, Short",10 min,N/A,N/A,N/A,1917
Words and Music,"Biography, Comedy, Musical",121 min,N/A,N/A,6.4,1948
Ever After: A Cinderella Story,"Drama, Romance",121 min,"$65,705,771",66,7.1,1998
Daredevil's Reward,Western,50 min,N/A,N/A,N/A,1928
Treasure of Monte Cristo,"Crime, Drama, Film-Noir",76 min,N/A,N/A,6.0,1949
Drillbit Taylor,"Action, Comedy, Crime",110 min,"$32,862,104",41,5.7,2008
The White Dove,"Crime, Drama",50 min,N/A,N/A,5.6,1920
The Endless Summer,"Documentary, Sport",95 min,"$10,233",82,7.6,1966
The Mugger,"Crime, Drama, Thriller",74 min,N/A,N/A,5.9,1958
Mulholland Drive,"Drama, Mystery, Thriller",147 min,"$7,220,243",86,7.9,2001
Life Itself,"Drama, Romance",117 min,"$4,102,648",21,6.9,2018
Sharky's Machine,"Action, Crime, Drama",122 min,"$35,610,100",58,6.3,1981
American Graffiti,"Comedy, Drama",110 min,"$115,000,000",97,7.4,1973
Savage Mutiny,"Adventure, Family",73 min,N/A,N/A,5.6,1953
The Librarian: Return to King Solomon's Mines,"Action, Adventure, Comedy",92 min,N/A,N/A,6.1,2006
The Escape on the Fast Freight,"Short, Thriller",13 min,N/A,N/A,6.6,1915
The Big Bounce,"Comedy, Crime",88 min,"$6,489,476",42,4.9,2004
Mantrap,Comedy,71 min,N/A,N/A,6.8,1926
Hit and Run,"Action, Adventure, Comedy",100 min,"$13,749,300",50,6.1,2012
Persepolis,"Animation, Biography, Drama",96 min,"$4,445,756",90,8.0,2007
A Race for a Kiss,"Short, Comedy",3 min,N/A,N/A,5.0,1904
Easy Street,"Short, Comedy",24 min,N/A,N/A,7.4,1917
A Wife's Romance,Drama,N/A,N/A,N/A,N/A,1923
Son of the Pink Panther,"Comedy, Crime",93 min,"$2,438,031",33,3.9,1993
Friends of Mr. Sweeney,"Comedy, Drama, Romance",68 min,N/A,N/A,6.1,1934
Rustlers' Rhapsody,"Comedy, Western",88 min,"$6,090,497",N/A,6.4,1985
The Diary of a Chambermaid,"Drama, Romance",86 min,N/A,N/A,6.6,1946
The Shriek of Araby,Comedy,50 min,N/A,N/A,5.7,1923
The Stars Are Singing,Musical,99 min,N/A,N/A,6.3,1953
Hold That Lion!,"Comedy, Short",17 min,N/A,N/A,7.8,1947
Hold That Kiss,"Comedy, Romance",79 min,N/A,N/A,6.1,1938
Addicted to Love,"Comedy, Romance",100 min,"$34,673,095",49,6.1,1997
Transylvania 6-5000,"Comedy, Fantasy, Horror",93 min,"$7,196,872",10,4.9,1985
The Men in Her Life,"Drama, Music, Romance",89 min,N/A,N/A,6.1,1941
Savage Drums,"Adventure, Drama, Fantasy",73 min,N/A,N/A,6.1,1951
A Private Matter,Drama,88 min,N/A,N/A,6.2,1992
Big Hero 6,"Animation, Action, Adventure",102 min,"$222,527,828",74,7.8,2014
Love by the Light of the Moon,"Comedy, Fantasy, Romance",1 min,N/A,N/A,5.1,1901
The Reader,"Drama, Mystery, Romance",124 min,"$34,194,407",58,7.6,2008
Battle of the Bulge,"Drama, History, War",167 min,"$11,118,000",N/A,6.8,1965
Gretchen the Greenhorn,"Crime, Drama, Romance",58 min,N/A,N/A,6.4,1916
The Benchwarmers,"Comedy, Sport",85 min,"$59,843,754",25,5.5,2006
I Saw the Light,"Biography, Drama, Music",123 min,"$1,646,788",47,5.8,2015
I Am Number Four,"Action, Adventure, Sci-Fi",111 min,"$55,100,437",36,6.1,2011
The Witching Hour,"Drama, Romance",105 min,N/A,N/A,6.4,1985
Cohen's Dream,"Short, Comedy",N/A,N/A,N/A,N/A,1909
Tiger Fangs,"Action, Adventure, Mystery",59 min,N/A,N/A,4.7,1943
Trojan War,"Comedy, Romance",85 min,$309,N/A,5.6,1997
Rime of the Ancient Mariner,"Animation, Short",42 min,N/A,N/A,7.1,1977
The Lion and the Horse,"Drama, Western",83 min,N/A,N/A,6.2,1952
Glitter,"Drama, Music, Romance",104 min,"$4,274,407",14,2.4,2001
Year One,Comedy,97 min,"$43,337,279",34,4.9,2009
Cain's Cutthroats,"Action, Comedy, Drama",95 min,N/A,N/A,5.1,1970
Wild Horse Stampede,"Drama, Western",59 min,N/A,N/A,6.3,1943
Twenty Dollars a Week,"Comedy, Drama",70 min,N/A,N/A,6.1,1924
Cat-Tails for Two,"Family, Animation, Short",6 min,N/A,N/A,6.9,1953
He Knows You're Alone,"Horror, Thriller",94 min,"$4,875,436",N/A,5.0,1980
Robotech: Love Live Alive,"Animation, Action, Adventure, Sci-Fi",89 min,N/A,N/A,6.4,2013
Dive Bomber,"Drama, Romance, War",132 min,N/A,N/A,6.5,1941
The Sideshow,"Adventure, Drama, Romance",65 min,N/A,N/A,7.2,1928
Mystery Ranch,Western,56 min,N/A,N/A,5.5,1934
The Dark Past,"Crime, Film-Noir, Thriller",73 min,N/A,N/A,6.3,1948
The Pride of the Legion,"Action, Crime, Drama",70 min,N/A,N/A,5.6,1932
The People Under the Stairs,"Comedy, Horror, Mystery",102 min,"$24,204,154",57,6.4,1991
Blonde Savage,"Action, Adventure, Fantasy",62 min,N/A,N/A,4.8,1947
Three Amigos!,"Comedy, Western",104 min,"$39,246,734",52,6.5,1986
When I Came Home,Documentary,70 min,N/A,N/A,8.2,2006
The Strange Affair of Uncle Harry,"Drama, Film-Noir",80 min,N/A,N/A,6.7,1945
The Four Feathers,"Action, Adventure, Drama",132 min,"$18,306,166",49,6.5,2002
A Letter to Three Wives,"Comedy, Drama, Romance",103 min,N/A,N/A,7.7,1949
Burning Daylight,Crime,102 min,N/A,N/A,5.2,2010
Watchmen,"Action, Drama, Mystery",162 min,"$107,509,799",56,7.6,2009
Six Degrees of Separation,"Comedy, Drama, Mystery",112 min,"$6,405,918",72,6.8,1993
Wild Horse Mesa,"Drama, Western",61 min,N/A,N/A,6.1,1947
Bringing Up Baby,Comedy,102 min,N/A,91,7.8,1938
Homeward Bound: The Incredible Journey,"Adventure, Comedy, Drama",84 min,"$41,833,324",N/A,6.9,1993
I Can Do Bad All by Myself,"Comedy, Drama",113 min,"$51,733,921",55,4.7,2009
If I Were Free,"Drama, Romance",66 min,N/A,N/A,6.1,1933
Trippin',Comedy,94 min,"$9,017,070",N/A,5.3,1999
Short Time,"Action, Comedy, Crime",97 min,"$4,010,647",N/A,6.3,1990
Train to Tombstone,"Drama, Western",56 min,N/A,N/A,4.8,1950
The French Connection,"Action, Crime, Drama",104 min,"$51,700,000",94,7.7,1971
Michael Clayton,"Crime, Drama, Mystery",119 min,"$49,033,882",82,7.2,2007
No Country for Old Men,"Crime, Drama, Thriller",122 min,"$74,283,625",92,8.2,2007
Round-Up Time in Texas,"Drama, Music, Western",61 min,N/A,N/A,4.7,1937
The Confidence Man JP: The Movie,"Comedy, Crime",116 min,N/A,N/A,6.6,2019
You Were Never Really Here,"Crime, Drama, Thriller",89 min,"$2,528,078",84,6.7,2017
That Texas Jamboree,"Musical, Western",59 min,N/A,N/A,5.4,1946
Spy,"Action, Comedy",120 min,"$110,825,712",75,7.0,2015
Alexander's Ragtime Band,"Drama, Music, Musical",106 min,N/A,N/A,6.8,1938
The Silent Scream,"Horror, Mystery, Thriller",87 min,N/A,N/A,5.8,1979
Shadows in the Night,"Crime, Drama, Mystery",67 min,N/A,N/A,6.3,1944
Papillon,"Biography, Crime, Drama",151 min,"$53,267,000",58,8.0,1973
The Toy Tiger,Comedy,88 min,N/A,N/A,6.4,1956
51 Birch Street,Documentary,90 min,"$84,689",77,7.3,2005
There's Something About Mary,"Comedy, Romance",119 min,"$176,484,651",69,7.1,1998
Melvin and Howard,"Comedy, Drama",95 min,"$4,309,490",N/A,6.8,1980
Black Knight,"Adventure, Comedy, Fantasy",95 min,"$33,426,971",32,4.9,2001
Bloody Mama,"Crime, Drama",90 min,N/A,69,5.7,1970
Lightnin' in the Forest,"Action, Comedy, Crime",58 min,N/A,N/A,N/A,1948
Chimpanzee,"Documentary, Family",78 min,"$28,972,764",57,7.1,2011
Snowdrift at Bleath Gill,"Documentary, Short",10 min,N/A,N/A,7.3,1955
The Salton Sea,"Crime, Drama, Mystery",103 min,"$764,554",41,7.0,2002
Another Stakeout,"Comedy, Crime",108 min,"$20,208,496",53,5.6,1993
Love Never Dies,"Drama, Music, Musical",121 min,N/A,N/A,6.7,2012
Men Are Like That,"Comedy, Drama, Music",59 min,N/A,N/A,4.6,1930
Swept Away,"Comedy, Romance",89 min,"$598,645",18,3.6,2002
The Interpreter,"Crime, Mystery, Thriller",128 min,"$72,708,161",62,6.4,2005
Flying Romeos,Comedy,70 min,N/A,N/A,N/A,1928
Night of the Demon,Horror,96 min,N/A,N/A,4.7,1980
Holiday in Havana,"Comedy, Musical",73 min,N/A,N/A,6.0,1949
The Broken Star,Western,82 min,N/A,N/A,5.9,1956
Larceny in Her Heart,"Crime, Mystery, Romance",68 min,N/A,N/A,6.0,1946
Analyze That,"Comedy, Crime",96 min,"$32,130,627",37,5.9,2002
Hi Nanna,"Drama, Family, Romance",155 min,N/A,N/A,8.2,2023
The Deadly Trap,Thriller,96 min,N/A,N/A,5.5,1971
Black Dragons,"Thriller, War",64 min,N/A,N/A,4.3,1942
Camp Takota,Comedy,95 min,N/A,N/A,6.6,2014
Pardners,"Comedy, Western",90 min,"$7,920,000",N/A,6.1,1956
Honor Among Lovers,"Drama, Romance",75 min,N/A,N/A,6.5,1931
The Adventures of Huck Finn,"Adventure, Comedy, Drama",108 min,"$24,103,594",N/A,6.2,1993
The Millionaire Cowboy,Western,50 min,N/A,N/A,N/A,1924
Prairie Roundup,"Drama, Music, Western",55 min,N/A,N/A,8.0,1951
Hope and Glory,"Comedy, Drama, Romance",113 min,"$10,021,120",86,7.3,1987
Confessions of a Co-Ed,Drama,75 min,N/A,N/A,5.5,1931
Kismet,"Adventure, Musical, Fantasy",113 min,N/A,N/A,6.3,1955
Home of the Brave,"Action, Drama, War",106 min,"$51,708",42,5.6,2006
Tarzan and the Amazons,"Action, Adventure",76 min,N/A,N/A,6.2,1945
Here Comes the Boom,"Action, Comedy, Sport",105 min,"$45,290,318",40,6.4,2012
Blood Work,"Action, Crime, Drama",110 min,"$26,235,081",64,6.4,2002
Twelve Hours to Kill,"Crime, Drama",83 min,N/A,N/A,5.6,1960
Sword of the Avenger,"Adventure, Romance",76 min,N/A,N/A,5.4,1948
Immortals,"Action, Drama, Fantasy",110 min,"$83,504,017",46,6.0,2011
Colorado Pioneers,Western,57 min,N/A,N/A,6.7,1945
Love Is Better Than Ever,"Comedy, Romance",81 min,N/A,N/A,5.7,1952
The Atomic Kid,"Comedy, Sci-Fi",86 min,N/A,N/A,5.3,1954
Home Movies,"Animation, Comedy, Drama",34S min,N/A,N/A,8.2,1999–2004
The Big Bang Theory,"Comedy, Romance",22 min,N/A,N/A,8.1,2007–2019
The Forbidden Dance,"Drama, Music, Romance",97 min,"$1,823,154",N/A,3.9,1990
Kalamazoo?,Comedy,107 min,"$53,609",N/A,4.6,2006
You're Only Young Once,"Comedy, Family, Romance",78 min,N/A,N/A,6.6,1937
"C.Q.D.; or, Saved by Wireless; a True Story of the Wreck of the Republic","Short, Drama",N/A,N/A,N/A,N/A,1909
The Phantom of the Opera,"Drama, Musical, Romance",143 min,"$51,293,931",40,7.2,2004
Creature from the Black Lagoon,"Horror, Sci-Fi",79 min,N/A,68,6.9,1954
Cats,"Comedy, Drama, Family",110 min,"$27,166,770",32,2.8,2019
Off the Trolley,"Comedy, Short",7 min,N/A,N/A,6.5,1919
A Better Tomorrow 2,Drama,61 min,N/A,N/A,N/A,2011
Rachel and the Stranger,"Adventure, Comedy, Drama",93 min,"$395,000",N/A,7.0,1948
A Free Soul,"Crime, Drama, Romance",93 min,N/A,N/A,6.6,1931
Mexican Manhunt,"Crime, Mystery",71 min,N/A,N/A,6.2,1953
Space Ghost Coast to Coast,"Animation, Comedy, Sci-Fi",15 min,N/A,N/A,7.9,1993–2012
Man on Wire,"Documentary, Biography, Crime",94 min,"$2,962,242",89,7.7,2008
The Secret War of Harry Frigg,"Comedy, War",110 min,"$7,700,000",N/A,6.3,1968
Painted Angels,"Drama, Western",108 min,N/A,N/A,4.9,1998
The Command,"Action, Adventure, Drama",117 min,N/A,55,6.6,2018
A Civil Action,Drama,115 min,"$56,709,981",68,6.6,1998
Videodrome,"Horror, Sci-Fi, Thriller",87 min,"$2,120,439",60,7.2,1983
The Belle of Broadway,"Drama, Romance",60 min,N/A,N/A,7.0,1926
Flagpole Jitters,"Comedy, Short",16 min,N/A,N/A,6.8,1956
Voices Across the Divide,"Documentary, Biography, History, War",57 min,N/A,N/A,N/A,2013
Bell Boy 13,"Short, Comedy",44 min,N/A,N/A,5.8,1923
Aimee & Jaguar,"Biography, Drama, Romance",125 min,"$927,107",72,7.2,1999
Once in a Lifetime,"Comedy, Drama",105 min,N/A,N/A,7.1,2014
Sing Another Chorus,Musical,64 min,N/A,N/A,6.3,1941
Footsteps in the Dark,"Comedy, Crime, Mystery",96 min,N/A,N/A,6.7,1941
Gypsy,"Drama, Thriller",1 min,N/A,N/A,6.7,2017
The Apple Dumpling Gang Rides Again,"Comedy, Family, Western",88 min,"$20,931,111",37,6.0,1979
The Europeans,"Drama, Romance",90 min,N/A,64,6.1,1979
Such a Little Queen,"Comedy, Drama, Romance",N/A,N/A,N/A,N/A,1914
Janie Gets Married,"Comedy, Romance",89 min,N/A,N/A,6.0,1946
Blue Sky,"Drama, Romance",101 min,"$3,359,465",N/A,6.4,1994
Deception,"Crime, Drama, Mystery",107 min,"$4,598,506",31,6.0,2008
-But the Flesh Is Weak,Comedy,77 min,N/A,N/A,5.6,1932
Civil Brand,"Drama, Thriller, Crime",95 min,"$254,293",29,5.1,2002
Meddling Women,Drama,70 min,N/A,N/A,N/A,1924
Walking with Dinosaurs 3D,"Animation, Adventure, Comedy",87 min,"$36,076,121",37,5.2,2013
The Edge of Seventeen,"Comedy, Drama",104 min,"$14,431,633",77,7.3,2016
The Ring Two,"Horror, Mystery",110 min,"$76,231,249",44,5.4,2005
The Texas Chainsaw Massacre,Horror,98 min,"$80,571,655",38,6.2,2003
Forever My Girl,"Comedy, Drama, Music",108 min,"$16,376,066",36,6.6,2018
Navy Seals,"Action, Adventure, Thriller",113 min,"$25,069,101",38,5.5,1990
Clifford's Really Big Movie,"Animation, Adventure, Comedy",74 min,"$2,922,354",49,5.4,2004
Heartbreakers,"Comedy, Crime, Romance",123 min,"$40,336,607",47,6.2,2001
Babbitt,"Drama, Music",74 min,N/A,N/A,6.0,1934
While Paris Sleeps,Drama,67 min,N/A,N/A,6.5,1932
Shriek If You Know What I Did Last Friday the Thirteenth,"Comedy, Horror",86 min,N/A,N/A,4.0,2000
Skin Deep,"Comedy, Drama, Romance",101 min,"$19,674,852",43,6.1,1989
Marked Woman,"Crime, Film-Noir, Thriller",96 min,N/A,N/A,7.1,1937
Durango Valley Raiders,Western,55 min,N/A,N/A,5.7,1938
Strange Confession,"Crime, Drama, Horror",62 min,N/A,N/A,6.5,1945
When in Rome,"Comedy, Romance",91 min,"$32,680,633",25,5.5,2010
The Odd Couple,Comedy,105 min,"$44,527,234",86,7.6,1968
The Music of Chance,Drama,98 min,"$313,967",N/A,7.1,1993
Harlow,"Biography, Drama, Romance",125 min,N/A,N/A,5.5,1965
Mask of the Avenger,"Adventure, Drama, History",83 min,N/A,N/A,5.4,1951
House Calls,"Comedy, Drama, Romance",98 min,"$28,460,702",49,6.6,1978
Grand Old Girl,"Drama, Romance",72 min,N/A,N/A,5.4,1935
My Marriage,"Crime, Drama",73 min,N/A,N/A,5.7,1936
Yukon Flight,"Adventure, Drama, Mystery",57 min,N/A,N/A,5.0,1940
The Volga Boatman,"Drama, Romance",120 min,N/A,N/A,6.7,1926
Gay Purr-ee,"Animation, Comedy, Family",85 min,N/A,N/A,6.6,1962
Riders to the Stars,"Drama, Sci-Fi",81 min,N/A,N/A,5.4,1954
Real Genius,"Comedy, Romance, Sci-Fi",108 min,"$12,952,019",71,6.9,1985
John Carter,"Action, Adventure, Sci-Fi",132 min,"$73,078,100",51,6.6,2012
The Hi-Lo Country,"Drama, Romance, Western",114 min,"$166,082",N/A,6.1,1998
Three Brave Men,Drama,88 min,N/A,N/A,6.8,1956
Nightmare in Wax,Horror,96 min,N/A,N/A,3.9,1969
The Next Three Days,"Action, Crime, Drama",133 min,"$21,148,651",52,7.3,2010
The Squid and the Whale,"Comedy, Drama",81 min,"$7,372,734",82,7.3,2005
Violated Paradise,"Documentary, Drama",68 min,N/A,N/A,4.9,1963
Seven Angry Men,"Biography, History, Western",90 min,N/A,N/A,6.4,1955
Two Old Sparks,Short,N/A,N/A,N/A,N/A,1900
Problem Girls,"Crime, Drama, Mystery",71 min,N/A,N/A,5.3,1953
Heaven Is for Real,"Biography, Drama, Family",99 min,"$91,443,253",47,5.8,2014
Battle at Bloody Beach,"Drama, War",83 min,N/A,N/A,5.4,1961
Prince of Pirates,Adventure,80 min,N/A,N/A,5.3,1953
Anaconda,"Action, Adventure, Horror",89 min,"$65,885,767",37,4.9,1997
A Little Girl in a Big City,Drama,60 min,N/A,N/A,5.8,1925
Gambling Lady,"Drama, Mystery",66 min,N/A,N/A,6.5,1934
Devil Bat's Daughter,Horror,67 min,N/A,N/A,4.4,1946
Big Business Girl,"Comedy, Romance",75 min,N/A,N/A,5.9,1931
Holy Rollers,"Biography, Crime, Drama",89 min,"$303,064",51,5.9,2010
We Were Strangers,"Adventure, Drama, Film-Noir",106 min,N/A,N/A,6.6,1949
That's Dancing!,"Documentary, Musical",105 min,"$4,210,938",N/A,7.2,1985
The Wedding Planner,"Comedy, Romance",103 min,"$60,400,856",33,5.3,2001
Destination Wedding,"Comedy, Drama, Romance",87 min,N/A,46,6.0,2018
Under Crimson Skies,Adventure,60 min,N/A,N/A,3.9,1920
I Know What You Did Last Summer,"Horror, Mystery",101 min,"$72,586,134",52,5.8,1997
The Magic Cloak of Oz,"Short, Adventure, Family",38 min,N/A,N/A,5.2,1914
Honkytonk Man,"Comedy, Drama, Music",122 min,"$4,484,991",50,6.6,1982
Sideshow,Horror,74 min,N/A,N/A,4.9,2000
The Red Man and the Child,"Short, Action, Western",14 min,N/A,N/A,5.9,1908
Alice or The Last Escapade,"Drama, Fantasy, Mystery",93 min,N/A,N/A,6.7,1977
The Case of Sergeant Grischa,"Drama, History, Romance",91 min,N/A,N/A,7.4,1930
Lorna Doone,"Drama, Romance",180 min,N/A,N/A,6.9,2000
The Fan,"Action, Drama, Sport",116 min,"$18,626,419",32,5.9,1996
The Twinkle in God's Eye,"Comedy, Western",73 min,N/A,N/A,5.9,1955
Max Dugan Returns,"Comedy, Drama",98 min,"$17,613,720",N/A,6.7,1983
The Death Kiss,"Comedy, Crime, Drama",75 min,N/A,N/A,6.0,1932
I Spit on Your Grave 2,"Horror, Thriller",106 min,$809,N/A,5.7,2013
The Lineup,"Crime, Drama, Film-Noir",86 min,N/A,N/A,7.3,1958
The Big Score,Comedy,112 min,N/A,N/A,5.5,2016
"All This, and Heaven Too","Drama, Romance",141 min,N/A,N/A,7.4,1940
The Rage: Carrie 2,"Drama, Horror, Sci-Fi",104 min,"$17,762,705",42,4.8,1999
Sofia the First,"Animation, Adventure, Family",22 min,N/A,N/A,6.9,2012–2018
The U.S. vs. John Lennon,"Documentary, Biography, Music",99 min,"$1,109,146",64,7.3,2006
Cinerama Holiday,Documentary,119 min,"$26,160,000",N/A,7.3,1955
Trail of Kit Carson,Western,57 min,N/A,N/A,6.4,1945
A Dangerous Adventure,N/A,310 min,N/A,N/A,5.4,1922
Double Dynamite,"Adventure, Comedy, Music",80 min,N/A,N/A,5.9,1951
The Night of the Following Day,"Action, Crime, Drama",93 min,N/A,N/A,6.0,1969
Bluebeard's 8th Wife,"Comedy, Romance",60 min,"$215,000",N/A,7.5,1923
They Drive by Night,"Crime, Drama, Film-Noir",95 min,N/A,N/A,7.2,1940
Randy Rides Alone,"Action, Drama, Mystery",52 min,N/A,N/A,5.3,1934
Some Kind of Wonderful,"Drama, Romance",95 min,"$18,553,948",55,7.0,1987
The Man from Dakota,"Drama, History, War",75 min,N/A,N/A,5.6,1940
At the Earth's Core,"Adventure, Fantasy, Sci-Fi",89 min,N/A,32,5.0,1976
The Quick and the Dead,"Action, Drama, Romance",108 min,"$18,636,537",49,6.5,1995
Quentin Quail,"Animation, Family, Short",7 min,N/A,N/A,5.6,1946
Timbuktu,"Drama, War",96 min,"$1,076,075",92,7.1,2014
Ridin' the Wind,"Comedy, Drama, Romance",60 min,N/A,N/A,N/A,1925
Logan,"Action, Drama, Sci-Fi",137 min,"$226,277,068",77,8.1,2017
The Postman Didn't Ring,"Comedy, Romance",68 min,N/A,N/A,6.7,1942
Dick Turpin's Ride to York,"Adventure, Drama",80 min,N/A,N/A,N/A,1922
Why Me?,"Drama, Thriller",125 min,N/A,N/A,7.5,2015
Servants' Entrance,"Comedy, Music, Romance",88 min,N/A,N/A,7.1,1934
The Puppet Masters,"Horror, Sci-Fi, Thriller",109 min,"$8,647,042",N/A,5.9,1994
My Lady's Lips,"Crime, Drama",70 min,N/A,N/A,7.6,1925
The Last of the Duanes,"Drama, Western",62 min,N/A,N/A,5.5,1930
The Wonderful Wizard of Oz,"Adventure, Fantasy, Short",13 min,N/A,N/A,5.7,1910
The Prince of Thieves,"Action, Adventure, Drama",72 min,N/A,N/A,5.3,1948
Miraculous Journey,Adventure,83 min,N/A,N/A,6.4,1948
Between Heaven and Hell,"Drama, War",94 min,N/A,N/A,6.6,1956
Bowling for Columbine,"Documentary, Crime, Drama",120 min,"$21,576,018",72,8.0,2002
The Squeeze,"Action, Comedy, Crime",101 min,"$2,228,951",N/A,4.8,1987
The Love Girl,Comedy,50 min,N/A,N/A,N/A,1916
My Sister's Keeper,"Drama, Family",109 min,"$49,200,230",51,7.3,2009
The Story of Ruth,"Drama, History, Romance",132 min,N/A,N/A,6.6,1960
The Bandit's Waterloo,"Short, Action",12 min,N/A,N/A,5.6,1908
